5	200	3	4	7b20207d
11	200	9	4	7b20207d
17	200	15	4	7b20207d
23	200	21	4	7b20207d
30	200	27	4	7b20207d
37	200	35	4	7b20207d
44	200	42	4	7b20207d
51	200	49	4	7b20207d
58	200	56	4	7b20207d
65	200	63	4	7b20207d
72	200	70	4	7b20207d
78	200	76	4	7b20207d
82	200	80	20	7b202261637469766522203a2066616c7365207d
85	200	84	540	7b202261637475616c56616c75657322203a207b2022616363656c65726174696f6e50726f66696c6522203a20392c2022646563656c65726174696f6e50726f66696c6522203a20392c202270726f63657373696e6754696d6522203a203138302c202272706d22203a20302c2022736c6f775374617274456e61626c656422203a20747275652c2022736c6f7753746f70456e61626c656422203a20747275652c202274656d706572617475726522203a2032352c202274696d65724f7074696f6e22203a2032207d2c20226465766963654e616d6522203a20224d792043656e74726966756765222c2022706f776572446f776e22203a2066616c73652c202270726f66696c65536574496422203a20302c2022726f746f7254797065496422203a203236302c202273657456616c75657322203a207b2022616363656c65726174696f6e50726f66696c6522203a20392c2022646563656c65726174696f6e50726f66696c6522203a20392c202270726f63657373696e6754696d6522203a203138302c202272706d22203a203530302c2022736c6f775374617274456e61626c656422203a20747275652c2022736c6f7753746f70456e61626c656422203a20747275652c202274656d706572617475726522203a2032352c202274696d65724f7074696f6e22203a2032207d2c2022737461746522203a20322c202273796e634d6f6465417661696c61626c6522203a2074727565207d
88	200	87	4	5b20205d
91	200	90	4	5b20205d
94	200	93	20	7b20227573657249647322203a205b20205d207d
97	200	96	20	7b20226c6f636b656422203a2066616c7365207d
103	200	102	540	7b202261637475616c56616c75657322203a207b2022616363656c65726174696f6e50726f66696c6522203a20392c2022646563656c65726174696f6e50726f66696c6522203a20392c202270726f63657373696e6754696d6522203a203138302c202272706d22203a20302c2022736c6f775374617274456e61626c656422203a20747275652c2022736c6f7753746f70456e61626c656422203a20747275652c202274656d706572617475726522203a2032352c202274696d65724f7074696f6e22203a2032207d2c20226465766963654e616d6522203a20224d792043656e74726966756765222c2022706f776572446f776e22203a2066616c73652c202270726f66696c65536574496422203a20302c2022726f746f7254797065496422203a203236302c202273657456616c75657322203a207b2022616363656c65726174696f6e50726f66696c6522203a20392c2022646563656c65726174696f6e50726f66696c6522203a20392c202270726f63657373696e6754696d6522203a203138302c202272706d22203a203530302c2022736c6f775374617274456e61626c656422203a20747275652c2022736c6f7753746f70456e61626c656422203a20747275652c202274656d706572617475726522203a2032352c202274696d65724f7074696f6e22203a2032207d2c2022737461746522203a20322c202273796e634d6f6465417661696c61626c6522203a2074727565207d
106	200	105	4	5b20205d
109	200	108	4	5b20205d
112	200	111	20	7b20227573657249647322203a205b20205d207d
115	200	114	20	7b20226c6f636b656422203a2066616c7365207d
120	200	119	555	7b202261637475616c56616c75657322203a207b2022616363656c65726174696f6e50726f66696c6522203a20392c2022646563656c65726174696f6e50726f66696c6522203a20392c202270726f63657373696e6754696d6522203a203138302c202272706d22203a20302c2022736c6f775374617274456e61626c656422203a20747275652c2022736c6f7753746f70456e61626c656422203a20747275652c202274656d706572617475726522203a2032352c202274696d65724f7074696f6e22203a2032207d2c20226465766963654e616d6522203a20224d792043656e74726966756765222c2022706f776572446f776e22203a2066616c73652c202270726f66696c65536574496422203a20302c2022726f746f7254797065496422203a203236302c202273657456616c75657322203a207b2022616363656c65726174696f6e50726f66696c6522203a20392c2022646563656c65726174696f6e50726f66696c6522203a20392c202270726f63657373696e6754696d6522203a203138302c202272706d22203a203530302c2022736c6f775374617274456e61626c656422203a20747275652c2022736c6f7753746f70456e61626c656422203a20747275652c202274656d706572617475726522203a2032352c202274696d65724f7074696f6e22203a2032207d2c2022737461746522203a20322c202273796e634d6f6465417661696c61626c6522203a2066616c73652c202275736572496422203a2031207d
126	200	125	555	7b202261637475616c56616c75657322203a207b2022616363656c65726174696f6e50726f66696c6522203a20392c2022646563656c65726174696f6e50726f66696c6522203a20392c202270726f63657373696e6754696d6522203a203138302c202272706d22203a20302c2022736c6f775374617274456e61626c656422203a20747275652c2022736c6f7753746f70456e61626c656422203a20747275652c202274656d706572617475726522203a2032352c202274696d65724f7074696f6e22203a2032207d2c20226465766963654e616d6522203a20224d792043656e74726966756765222c2022706f776572446f776e22203a2066616c73652c202270726f66696c65536574496422203a20302c2022726f746f7254797065496422203a203236302c202273657456616c75657322203a207b2022616363656c65726174696f6e50726f66696c6522203a20392c2022646563656c65726174696f6e50726f66696c6522203a20392c202270726f63657373696e6754696d6522203a203138302c202272706d22203a203530302c2022736c6f775374617274456e61626c656422203a20747275652c2022736c6f7753746f70456e61626c656422203a20747275652c202274656d706572617475726522203a2032352c202274696d65724f7074696f6e22203a2032207d2c2022737461746522203a20322c202273796e634d6f6465417661696c61626c6522203a2066616c73652c202275736572496422203a2031207d
129	200	128	555	7b202261637475616c56616c75657322203a207b2022616363656c65726174696f6e50726f66696c6522203a20392c2022646563656c65726174696f6e50726f66696c6522203a20392c202270726f63657373696e6754696d6522203a203138302c202272706d22203a20302c2022736c6f775374617274456e61626c656422203a20747275652c2022736c6f7753746f70456e61626c656422203a20747275652c202274656d706572617475726522203a2032352c202274696d65724f7074696f6e22203a2032207d2c20226465766963654e616d6522203a20224d792043656e74726966756765222c2022706f776572446f776e22203a2066616c73652c202270726f66696c65536574496422203a20302c2022726f746f7254797065496422203a203236302c202273657456616c75657322203a207b2022616363656c65726174696f6e50726f66696c6522203a20392c2022646563656c65726174696f6e50726f66696c6522203a20392c202270726f63657373696e6754696d6522203a203138302c202272706d22203a203530302c2022736c6f775374617274456e61626c656422203a20747275652c2022736c6f7753746f70456e61626c656422203a20747275652c202274656d706572617475726522203a2032352c202274696d65724f7074696f6e22203a2032207d2c2022737461746522203a20322c202273796e634d6f6465417661696c61626c6522203a2066616c73652c202275736572496422203a2031207d
132	200	131	555	7b202261637475616c56616c75657322203a207b2022616363656c65726174696f6e50726f66696c6522203a20392c2022646563656c65726174696f6e50726f66696c6522203a20392c202270726f63657373696e6754696d6522203a203138302c202272706d22203a20302c2022736c6f775374617274456e61626c656422203a20747275652c2022736c6f7753746f70456e61626c656422203a20747275652c202274656d706572617475726522203a2032352c202274696d65724f7074696f6e22203a2032207d2c20226465766963654e616d6522203a20224d792043656e74726966756765222c2022706f776572446f776e22203a2066616c73652c202270726f66696c65536574496422203a20302c2022726f746f7254797065496422203a203236302c202273657456616c75657322203a207b2022616363656c65726174696f6e50726f66696c6522203a20392c2022646563656c65726174696f6e50726f66696c6522203a20392c202270726f63657373696e6754696d6522203a203138302c202272706d22203a203530302c2022736c6f775374617274456e61626c656422203a20747275652c2022736c6f7753746f70456e61626c656422203a20747275652c202274656d706572617475726522203a2032352c202274696d65724f7074696f6e22203a2032207d2c2022737461746522203a20322c202273796e634d6f6465417661696c61626c6522203a2066616c73652c202275736572496422203a2031207d
138	200	137	555	7b202261637475616c56616c75657322203a207b2022616363656c65726174696f6e50726f66696c6522203a20392c2022646563656c65726174696f6e50726f66696c6522203a20392c202270726f63657373696e6754696d6522203a203138302c202272706d22203a20302c2022736c6f775374617274456e61626c656422203a20747275652c2022736c6f7753746f70456e61626c656422203a20747275652c202274656d706572617475726522203a2032352c202274696d65724f7074696f6e22203a2032207d2c20226465766963654e616d6522203a20224d792043656e74726966756765222c2022706f776572446f776e22203a2066616c73652c202270726f66696c65536574496422203a20302c2022726f746f7254797065496422203a203236302c202273657456616c75657322203a207b2022616363656c65726174696f6e50726f66696c6522203a20392c2022646563656c65726174696f6e50726f66696c6522203a20392c202270726f63657373696e6754696d6522203a203138302c202272706d22203a203530302c2022736c6f775374617274456e61626c656422203a20747275652c2022736c6f7753746f70456e61626c656422203a20747275652c202274656d706572617475726522203a2032352c202274696d65724f7074696f6e22203a2032207d2c2022737461746522203a20322c202273796e634d6f6465417661696c61626c6522203a2066616c73652c202275736572496422203a2031207d
143	200	142	555	7b202261637475616c56616c75657322203a207b2022616363656c65726174696f6e50726f66696c6522203a20392c2022646563656c65726174696f6e50726f66696c6522203a20392c202270726f63657373696e6754696d6522203a203138302c202272706d22203a20302c2022736c6f775374617274456e61626c656422203a20747275652c2022736c6f7753746f70456e61626c656422203a20747275652c202274656d706572617475726522203a2032352c202274696d65724f7074696f6e22203a2032207d2c20226465766963654e616d6522203a20224d792043656e74726966756765222c2022706f776572446f776e22203a2066616c73652c202270726f66696c65536574496422203a20302c2022726f746f7254797065496422203a203236302c202273657456616c75657322203a207b2022616363656c65726174696f6e50726f66696c6522203a20392c2022646563656c65726174696f6e50726f66696c6522203a20392c202270726f63657373696e6754696d6522203a203138302c202272706d22203a203530302c2022736c6f775374617274456e61626c656422203a20747275652c2022736c6f7753746f70456e61626c656422203a20747275652c202274656d706572617475726522203a2032352c202274696d65724f7074696f6e22203a2032207d2c2022737461746522203a20322c202273796e634d6f6465417661696c61626c6522203a2066616c73652c202275736572496422203a2031207d
146	200	145	555	7b202261637475616c56616c75657322203a207b2022616363656c65726174696f6e50726f66696c6522203a20392c2022646563656c65726174696f6e50726f66696c6522203a20392c202270726f63657373696e6754696d6522203a203138302c202272706d22203a20302c2022736c6f775374617274456e61626c656422203a20747275652c2022736c6f7753746f70456e61626c656422203a20747275652c202274656d706572617475726522203a2032352c202274696d65724f7074696f6e22203a2032207d2c20226465766963654e616d6522203a20224d792043656e74726966756765222c2022706f776572446f776e22203a2066616c73652c202270726f66696c65536574496422203a20302c2022726f746f7254797065496422203a203236302c202273657456616c75657322203a207b2022616363656c65726174696f6e50726f66696c6522203a20392c2022646563656c65726174696f6e50726f66696c6522203a20392c202270726f63657373696e6754696d6522203a203138302c202272706d22203a203530302c2022736c6f775374617274456e61626c656422203a20747275652c2022736c6f7753746f70456e61626c656422203a20747275652c202274656d706572617475726522203a2032352c202274696d65724f7074696f6e22203a2032207d2c2022737461746522203a20322c202273796e634d6f6465417661696c61626c6522203a2066616c73652c202275736572496422203a2031207d
152	200	151	555	7b202261637475616c56616c75657322203a207b2022616363656c65726174696f6e50726f66696c6522203a20392c2022646563656c65726174696f6e50726f66696c6522203a20392c202270726f63657373696e6754696d6522203a203138302c202272706d22203a20302c2022736c6f775374617274456e61626c656422203a20747275652c2022736c6f7753746f70456e61626c656422203a20747275652c202274656d706572617475726522203a2032352c202274696d65724f7074696f6e22203a2032207d2c20226465766963654e616d6522203a20224d792043656e74726966756765222c2022706f776572446f776e22203a2066616c73652c202270726f66696c65536574496422203a20302c2022726f746f7254797065496422203a203236302c202273657456616c75657322203a207b2022616363656c65726174696f6e50726f66696c6522203a20392c2022646563656c65726174696f6e50726f66696c6522203a20392c202270726f63657373696e6754696d6522203a203138302c202272706d22203a203530302c2022736c6f775374617274456e61626c656422203a20747275652c2022736c6f7753746f70456e61626c656422203a20747275652c202274656d706572617475726522203a2032352c202274696d65724f7074696f6e22203a2032207d2c2022737461746522203a20322c202273796e634d6f6465417661696c61626c6522203a2066616c73652c202275736572496422203a2031207d
155	200	154	555	7b202261637475616c56616c75657322203a207b2022616363656c65726174696f6e50726f66696c6522203a20392c2022646563656c65726174696f6e50726f66696c6522203a20392c202270726f63657373696e6754696d6522203a203138302c202272706d22203a20302c2022736c6f775374617274456e61626c656422203a20747275652c2022736c6f7753746f70456e61626c656422203a20747275652c202274656d706572617475726522203a2032352c202274696d65724f7074696f6e22203a2032207d2c20226465766963654e616d6522203a20224d792043656e74726966756765222c2022706f776572446f776e22203a2066616c73652c202270726f66696c65536574496422203a20302c2022726f746f7254797065496422203a203236302c202273657456616c75657322203a207b2022616363656c65726174696f6e50726f66696c6522203a20392c2022646563656c65726174696f6e50726f66696c6522203a20392c202270726f63657373696e6754696d6522203a203138302c202272706d22203a203530302c2022736c6f775374617274456e61626c656422203a20747275652c2022736c6f7753746f70456e61626c656422203a20747275652c202274656d706572617475726522203a2032352c202274696d65724f7074696f6e22203a2032207d2c2022737461746522203a20322c202273796e634d6f6465417661696c61626c6522203a2066616c73652c202275736572496422203a2031207d
158	200	157	555	7b202261637475616c56616c75657322203a207b2022616363656c65726174696f6e50726f66696c6522203a20392c2022646563656c65726174696f6e50726f66696c6522203a20392c202270726f63657373696e6754696d6522203a203138302c202272706d22203a20302c2022736c6f775374617274456e61626c656422203a20747275652c2022736c6f7753746f70456e61626c656422203a20747275652c202274656d706572617475726522203a2032352c202274696d65724f7074696f6e22203a2032207d2c20226465766963654e616d6522203a20224d792043656e74726966756765222c2022706f776572446f776e22203a2066616c73652c202270726f66696c65536574496422203a20302c2022726f746f7254797065496422203a203236302c202273657456616c75657322203a207b2022616363656c65726174696f6e50726f66696c6522203a20392c2022646563656c65726174696f6e50726f66696c6522203a20392c202270726f63657373696e6754696d6522203a203138302c202272706d22203a203530302c2022736c6f775374617274456e61626c656422203a20747275652c2022736c6f7753746f70456e61626c656422203a20747275652c202274656d706572617475726522203a2032352c202274696d65724f7074696f6e22203a2032207d2c2022737461746522203a20322c202273796e634d6f6465417661696c61626c6522203a2066616c73652c202275736572496422203a2031207d
164	200	163	555	7b202261637475616c56616c75657322203a207b2022616363656c65726174696f6e50726f66696c6522203a20392c2022646563656c65726174696f6e50726f66696c6522203a20392c202270726f63657373696e6754696d6522203a203138302c202272706d22203a20302c2022736c6f775374617274456e61626c656422203a20747275652c2022736c6f7753746f70456e61626c656422203a20747275652c202274656d706572617475726522203a2032352c202274696d65724f7074696f6e22203a2032207d2c20226465766963654e616d6522203a20224d792043656e74726966756765222c2022706f776572446f776e22203a2066616c73652c202270726f66696c65536574496422203a20302c2022726f746f7254797065496422203a203236302c202273657456616c75657322203a207b2022616363656c65726174696f6e50726f66696c6522203a20392c2022646563656c65726174696f6e50726f66696c6522203a20392c202270726f63657373696e6754696d6522203a203138302c202272706d22203a203530302c2022736c6f775374617274456e61626c656422203a20747275652c2022736c6f7753746f70456e61626c656422203a20747275652c202274656d706572617475726522203a2032352c202274696d65724f7074696f6e22203a2032207d2c2022737461746522203a20322c202273796e634d6f6465417661696c61626c6522203a2066616c73652c202275736572496422203a2031207d
169	200	168	555	7b202261637475616c56616c75657322203a207b2022616363656c65726174696f6e50726f66696c6522203a20392c2022646563656c65726174696f6e50726f66696c6522203a20392c202270726f63657373696e6754696d6522203a203138302c202272706d22203a20302c2022736c6f775374617274456e61626c656422203a20747275652c2022736c6f7753746f70456e61626c656422203a20747275652c202274656d706572617475726522203a2032352c202274696d65724f7074696f6e22203a2032207d2c20226465766963654e616d6522203a20224d792043656e74726966756765222c2022706f776572446f776e22203a2066616c73652c202270726f66696c65536574496422203a20302c2022726f746f7254797065496422203a203236302c202273657456616c75657322203a207b2022616363656c65726174696f6e50726f66696c6522203a20392c2022646563656c65726174696f6e50726f66696c6522203a20392c202270726f63657373696e6754696d6522203a203138302c202272706d22203a203530302c2022736c6f775374617274456e61626c656422203a20747275652c2022736c6f7753746f70456e61626c656422203a20747275652c202274656d706572617475726522203a2032352c202274696d65724f7074696f6e22203a2032207d2c2022737461746522203a20322c202273796e634d6f6465417661696c61626c6522203a2066616c73652c202275736572496422203a2031207d
172	200	171	555	7b202261637475616c56616c75657322203a207b2022616363656c65726174696f6e50726f66696c6522203a20392c2022646563656c65726174696f6e50726f66696c6522203a20392c202270726f63657373696e6754696d6522203a203138302c202272706d22203a20302c2022736c6f775374617274456e61626c656422203a20747275652c2022736c6f7753746f70456e61626c656422203a20747275652c202274656d706572617475726522203a2032352c202274696d65724f7074696f6e22203a2032207d2c20226465766963654e616d6522203a20224d792043656e74726966756765222c2022706f776572446f776e22203a2066616c73652c202270726f66696c65536574496422203a20302c2022726f746f7254797065496422203a203236302c202273657456616c75657322203a207b2022616363656c65726174696f6e50726f66696c6522203a20392c2022646563656c65726174696f6e50726f66696c6522203a20392c202270726f63657373696e6754696d6522203a203138302c202272706d22203a203530302c2022736c6f775374617274456e61626c656422203a20747275652c2022736c6f7753746f70456e61626c656422203a20747275652c202274656d706572617475726522203a2032352c202274696d65724f7074696f6e22203a2032207d2c2022737461746522203a20322c202273796e634d6f6465417661696c61626c6522203a2066616c73652c202275736572496422203a2031207d
178	200	177	555	7b202261637475616c56616c75657322203a207b2022616363656c65726174696f6e50726f66696c6522203a20392c2022646563656c65726174696f6e50726f66696c6522203a20392c202270726f63657373696e6754696d6522203a203138302c202272706d22203a20302c2022736c6f775374617274456e61626c656422203a20747275652c2022736c6f7753746f70456e61626c656422203a20747275652c202274656d706572617475726522203a2032352c202274696d65724f7074696f6e22203a2032207d2c20226465766963654e616d6522203a20224d792043656e74726966756765222c2022706f776572446f776e22203a2066616c73652c202270726f66696c65536574496422203a20302c2022726f746f7254797065496422203a203236302c202273657456616c75657322203a207b2022616363656c65726174696f6e50726f66696c6522203a20392c2022646563656c65726174696f6e50726f66696c6522203a20392c202270726f63657373696e6754696d6522203a203138302c202272706d22203a203530302c2022736c6f775374617274456e61626c656422203a20747275652c2022736c6f7753746f70456e61626c656422203a20747275652c202274656d706572617475726522203a2032352c202274696d65724f7074696f6e22203a2032207d2c2022737461746522203a20322c202273796e634d6f6465417661696c61626c6522203a2066616c73652c202275736572496422203a2031207d
181	200	180	555	7b202261637475616c56616c75657322203a207b2022616363656c65726174696f6e50726f66696c6522203a20392c2022646563656c65726174696f6e50726f66696c6522203a20392c202270726f63657373696e6754696d6522203a203138302c202272706d22203a20302c2022736c6f775374617274456e61626c656422203a20747275652c2022736c6f7753746f70456e61626c656422203a20747275652c202274656d706572617475726522203a2032352c202274696d65724f7074696f6e22203a2032207d2c20226465766963654e616d6522203a20224d792043656e74726966756765222c2022706f776572446f776e22203a2066616c73652c202270726f66696c65536574496422203a20302c2022726f746f7254797065496422203a203236302c202273657456616c75657322203a207b2022616363656c65726174696f6e50726f66696c6522203a20392c2022646563656c65726174696f6e50726f66696c6522203a20392c202270726f63657373696e6754696d6522203a203138302c202272706d22203a203530302c2022736c6f775374617274456e61626c656422203a20747275652c2022736c6f7753746f70456e61626c656422203a20747275652c202274656d706572617475726522203a2032352c202274696d65724f7074696f6e22203a2032207d2c2022737461746522203a20322c202273796e634d6f6465417661696c61626c6522203a2066616c73652c202275736572496422203a2031207d
187	200	186	540	7b202261637475616c56616c75657322203a207b2022616363656c65726174696f6e50726f66696c6522203a20392c2022646563656c65726174696f6e50726f66696c6522203a20392c202270726f63657373696e6754696d6522203a203138302c202272706d22203a20302c2022736c6f775374617274456e61626c656422203a20747275652c2022736c6f7753746f70456e61626c656422203a20747275652c202274656d706572617475726522203a2032352c202274696d65724f7074696f6e22203a2032207d2c20226465766963654e616d6522203a20224d792043656e74726966756765222c2022706f776572446f776e22203a2066616c73652c202270726f66696c65536574496422203a20302c2022726f746f7254797065496422203a203236302c202273657456616c75657322203a207b2022616363656c65726174696f6e50726f66696c6522203a20392c2022646563656c65726174696f6e50726f66696c6522203a20392c202270726f63657373696e6754696d6522203a203138302c202272706d22203a203530302c2022736c6f775374617274456e61626c656422203a20747275652c2022736c6f7753746f70456e61626c656422203a20747275652c202274656d706572617475726522203a2032352c202274696d65724f7074696f6e22203a2032207d2c2022737461746522203a20322c202273796e634d6f6465417661696c61626c6522203a2074727565207d
190	200	189	4	5b20205d
193	200	192	4	5b20205d
198	200	197	20	7b20227573657249647322203a205b20205d207d
202	200	201	20	7b20226c6f636b656422203a2066616c7365207d
207	200	206	540	7b202261637475616c56616c75657322203a207b2022616363656c65726174696f6e50726f66696c6522203a20392c2022646563656c65726174696f6e50726f66696c6522203a20392c202270726f63657373696e6754696d6522203a203138302c202272706d22203a20302c2022736c6f775374617274456e61626c656422203a20747275652c2022736c6f7753746f70456e61626c656422203a20747275652c202274656d706572617475726522203a2032352c202274696d65724f7074696f6e22203a2032207d2c20226465766963654e616d6522203a20224d792043656e74726966756765222c2022706f776572446f776e22203a2066616c73652c202270726f66696c65536574496422203a20302c2022726f746f7254797065496422203a203236302c202273657456616c75657322203a207b2022616363656c65726174696f6e50726f66696c6522203a20392c2022646563656c65726174696f6e50726f66696c6522203a20392c202270726f63657373696e6754696d6522203a203138302c202272706d22203a203530302c2022736c6f775374617274456e61626c656422203a20747275652c2022736c6f7753746f70456e61626c656422203a20747275652c202274656d706572617475726522203a2032352c202274696d65724f7074696f6e22203a2032207d2c2022737461746522203a20322c202273796e634d6f6465417661696c61626c6522203a2074727565207d
210	200	209	4	5b20205d
213	200	212	4	5b20205d
216	200	215	20	7b20227573657249647322203a205b20205d207d
219	200	218	20	7b20226c6f636b656422203a2066616c7365207d
222	200	221	540	7b202261637475616c56616c75657322203a207b2022616363656c65726174696f6e50726f66696c6522203a20392c2022646563656c65726174696f6e50726f66696c6522203a20392c202270726f63657373696e6754696d6522203a203138302c202272706d22203a20302c2022736c6f775374617274456e61626c656422203a20747275652c2022736c6f7753746f70456e61626c656422203a20747275652c202274656d706572617475726522203a2032352c202274696d65724f7074696f6e22203a2032207d2c20226465766963654e616d6522203a20224d792043656e74726966756765222c2022706f776572446f776e22203a2066616c73652c202270726f66696c65536574496422203a20302c2022726f746f7254797065496422203a203236302c202273657456616c75657322203a207b2022616363656c65726174696f6e50726f66696c6522203a20392c2022646563656c65726174696f6e50726f66696c6522203a20392c202270726f63657373696e6754696d6522203a203138302c202272706d22203a203530302c2022736c6f775374617274456e61626c656422203a20747275652c2022736c6f7753746f70456e61626c656422203a20747275652c202274656d706572617475726522203a2032352c202274696d65724f7074696f6e22203a2032207d2c2022737461746522203a20322c202273796e634d6f6465417661696c61626c6522203a2074727565207d
225	200	224	4	5b20205d
230	200	229	4	5b20205d
234	200	233	20	7b20227573657249647322203a205b20205d207d
237	200	236	20	7b20226c6f636b656422203a2066616c7365207d
243	200	241	4	7b20207d
247	200	245	19	7b202261637469766522203a2074727565207d
253	200	251	4	7b20207d
259	200	257	4	7b20207d
263	200	261	20	7b202261637469766522203a2066616c7365207d
266	200	265	540	7b202261637475616c56616c75657322203a207b2022616363656c65726174696f6e50726f66696c6522203a20392c2022646563656c65726174696f6e50726f66696c6522203a20392c202270726f63657373696e6754696d6522203a203138302c202272706d22203a20302c2022736c6f775374617274456e61626c656422203a20747275652c2022736c6f7753746f70456e61626c656422203a20747275652c202274656d706572617475726522203a2032352c202274696d65724f7074696f6e22203a2032207d2c20226465766963654e616d6522203a20224d792043656e74726966756765222c2022706f776572446f776e22203a2066616c73652c202270726f66696c65536574496422203a20302c2022726f746f7254797065496422203a203236302c202273657456616c75657322203a207b2022616363656c65726174696f6e50726f66696c6522203a20392c2022646563656c65726174696f6e50726f66696c6522203a20392c202270726f63657373696e6754696d6522203a203138302c202272706d22203a203530302c2022736c6f775374617274456e61626c656422203a20747275652c2022736c6f7753746f70456e61626c656422203a20747275652c202274656d706572617475726522203a2032352c202274696d65724f7074696f6e22203a2032207d2c2022737461746522203a20322c202273796e634d6f6465417661696c61626c6522203a2074727565207d
269	200	268	4	5b20205d
274	200	273	4	5b20205d
278	200	277	20	7b20227573657249647322203a205b20205d207d
281	200	280	20	7b20226c6f636b656422203a2066616c7365207d
286	200	285	540	7b202261637475616c56616c75657322203a207b2022616363656c65726174696f6e50726f66696c6522203a20392c2022646563656c65726174696f6e50726f66696c6522203a20392c202270726f63657373696e6754696d6522203a203138302c202272706d22203a20302c2022736c6f775374617274456e61626c656422203a20747275652c2022736c6f7753746f70456e61626c656422203a20747275652c202274656d706572617475726522203a2032352c202274696d65724f7074696f6e22203a2032207d2c20226465766963654e616d6522203a20224d792043656e74726966756765222c2022706f776572446f776e22203a2066616c73652c202270726f66696c65536574496422203a20302c2022726f746f7254797065496422203a203236302c202273657456616c75657322203a207b2022616363656c65726174696f6e50726f66696c6522203a20392c2022646563656c65726174696f6e50726f66696c6522203a20392c202270726f63657373696e6754696d6522203a203138302c202272706d22203a203530302c2022736c6f775374617274456e61626c656422203a20747275652c2022736c6f7753746f70456e61626c656422203a20747275652c202274656d706572617475726522203a2032352c202274696d65724f7074696f6e22203a2032207d2c2022737461746522203a20322c202273796e634d6f6465417661696c61626c6522203a2074727565207d
289	200	288	4	5b20205d
292	200	291	4	5b20205d
295	200	294	20	7b20227573657249647322203a205b20205d207d
298	200	297	20	7b20226c6f636b656422203a2066616c7365207d
304	200	303	555	7b202261637475616c56616c75657322203a207b2022616363656c65726174696f6e50726f66696c6522203a20392c2022646563656c65726174696f6e50726f66696c6522203a20392c202270726f63657373696e6754696d6522203a203138302c202272706d22203a20302c2022736c6f775374617274456e61626c656422203a20747275652c2022736c6f7753746f70456e61626c656422203a20747275652c202274656d706572617475726522203a2032352c202274696d65724f7074696f6e22203a2032207d2c20226465766963654e616d6522203a20224d792043656e74726966756765222c2022706f776572446f776e22203a2066616c73652c202270726f66696c65536574496422203a20302c2022726f746f7254797065496422203a203236302c202273657456616c75657322203a207b2022616363656c65726174696f6e50726f66696c6522203a20392c2022646563656c65726174696f6e50726f66696c6522203a20392c202270726f63657373696e6754696d6522203a203138302c202272706d22203a203530302c2022736c6f775374617274456e61626c656422203a20747275652c2022736c6f7753746f70456e61626c656422203a20747275652c202274656d706572617475726522203a2032352c202274696d65724f7074696f6e22203a2032207d2c2022737461746522203a20322c202273796e634d6f6465417661696c61626c6522203a2066616c73652c202275736572496422203a2031207d
307	200	306	555	7b202261637475616c56616c75657322203a207b2022616363656c65726174696f6e50726f66696c6522203a20392c2022646563656c65726174696f6e50726f66696c6522203a20392c202270726f63657373696e6754696d6522203a203138302c202272706d22203a20302c2022736c6f775374617274456e61626c656422203a20747275652c2022736c6f7753746f70456e61626c656422203a20747275652c202274656d706572617475726522203a2032352c202274696d65724f7074696f6e22203a2032207d2c20226465766963654e616d6522203a20224d792043656e74726966756765222c2022706f776572446f776e22203a2066616c73652c202270726f66696c65536574496422203a20302c2022726f746f7254797065496422203a203236302c202273657456616c75657322203a207b2022616363656c65726174696f6e50726f66696c6522203a20392c2022646563656c65726174696f6e50726f66696c6522203a20392c202270726f63657373696e6754696d6522203a203138302c202272706d22203a203530302c2022736c6f775374617274456e61626c656422203a20747275652c2022736c6f7753746f70456e61626c656422203a20747275652c202274656d706572617475726522203a2032352c202274696d65724f7074696f6e22203a2032207d2c2022737461746522203a20322c202273796e634d6f6465417661696c61626c6522203a2066616c73652c202275736572496422203a2031207d
310	200	309	554	7b202261637475616c56616c75657322203a207b2022616363656c65726174696f6e50726f66696c6522203a20392c2022646563656c65726174696f6e50726f66696c6522203a20392c202270726f63657373696e6754696d6522203a203138302c202272636622203a20302c2022736c6f775374617274456e61626c656422203a20747275652c2022736c6f7753746f70456e61626c656422203a20747275652c202274656d706572617475726522203a2032352c202274696d65724f7074696f6e22203a2031207d2c20226465766963654e616d6522203a20224d792043656e74726966756765222c2022706f776572446f776e22203a2066616c73652c202270726f66696c65536574496422203a20302c2022726f746f7254797065496422203a203236302c202273657456616c75657322203a207b2022616363656c65726174696f6e50726f66696c6522203a20392c2022646563656c65726174696f6e50726f66696c6522203a20392c202270726f63657373696e6754696d6522203a203138302c202272636622203a2035392c2022736c6f775374617274456e61626c656422203a20747275652c2022736c6f7753746f70456e61626c656422203a20747275652c202274656d706572617475726522203a2032352c202274696d65724f7074696f6e22203a2031207d2c2022737461746522203a20322c202273796e634d6f6465417661696c61626c6522203a2066616c73652c202275736572496422203a2031207d
316	200	315	554	7b202261637475616c56616c75657322203a207b2022616363656c65726174696f6e50726f66696c6522203a20392c2022646563656c65726174696f6e50726f66696c6522203a20392c202270726f63657373696e6754696d6522203a203138302c202272636622203a20302c2022736c6f775374617274456e61626c656422203a20747275652c2022736c6f7753746f70456e61626c656422203a20747275652c202274656d706572617475726522203a2032352c202274696d65724f7074696f6e22203a2031207d2c20226465766963654e616d6522203a20224d792043656e74726966756765222c2022706f776572446f776e22203a2066616c73652c202270726f66696c65536574496422203a20302c2022726f746f7254797065496422203a203236302c202273657456616c75657322203a207b2022616363656c65726174696f6e50726f66696c6522203a20392c2022646563656c65726174696f6e50726f66696c6522203a20392c202270726f63657373696e6754696d6522203a203138302c202272636622203a2035392c2022736c6f775374617274456e61626c656422203a20747275652c2022736c6f7753746f70456e61626c656422203a20747275652c202274656d706572617475726522203a2032352c202274696d65724f7074696f6e22203a2031207d2c2022737461746522203a20322c202273796e634d6f6465417661696c61626c6522203a2066616c73652c202275736572496422203a2031207d
321	200	320	554	7b202261637475616c56616c75657322203a207b2022616363656c65726174696f6e50726f66696c6522203a20392c2022646563656c65726174696f6e50726f66696c6522203a20392c202270726f63657373696e6754696d6522203a203138302c202272636622203a20302c2022736c6f775374617274456e61626c656422203a20747275652c2022736c6f7753746f70456e61626c656422203a20747275652c202274656d706572617475726522203a2032352c202274696d65724f7074696f6e22203a2031207d2c20226465766963654e616d6522203a20224d792043656e74726966756765222c2022706f776572446f776e22203a2066616c73652c202270726f66696c65536574496422203a20302c2022726f746f7254797065496422203a203236302c202273657456616c75657322203a207b2022616363656c65726174696f6e50726f66696c6522203a20392c2022646563656c65726174696f6e50726f66696c6522203a20392c202270726f63657373696e6754696d6522203a203138302c202272636622203a2035392c2022736c6f775374617274456e61626c656422203a20747275652c2022736c6f7753746f70456e61626c656422203a20747275652c202274656d706572617475726522203a2032352c202274696d65724f7074696f6e22203a2031207d2c2022737461746522203a20322c202273796e634d6f6465417661696c61626c6522203a2066616c73652c202275736572496422203a2031207d
324	200	323	554	7b202261637475616c56616c75657322203a207b2022616363656c65726174696f6e50726f66696c6522203a20392c2022646563656c65726174696f6e50726f66696c6522203a20392c202270726f63657373696e6754696d6522203a203138302c202272636622203a20302c2022736c6f775374617274456e61626c656422203a20747275652c2022736c6f7753746f70456e61626c656422203a20747275652c202274656d706572617475726522203a2032352c202274696d65724f7074696f6e22203a2031207d2c20226465766963654e616d6522203a20224d792043656e74726966756765222c2022706f776572446f776e22203a2066616c73652c202270726f66696c65536574496422203a20302c2022726f746f7254797065496422203a203236302c202273657456616c75657322203a207b2022616363656c65726174696f6e50726f66696c6522203a20392c2022646563656c65726174696f6e50726f66696c6522203a20392c202270726f63657373696e6754696d6522203a203138302c202272636622203a2035392c2022736c6f775374617274456e61626c656422203a20747275652c2022736c6f7753746f70456e61626c656422203a20747275652c202274656d706572617475726522203a2032352c202274696d65724f7074696f6e22203a2031207d2c2022737461746522203a20322c202273796e634d6f6465417661696c61626c6522203a2066616c73652c202275736572496422203a2031207d
330	200	329	554	7b202261637475616c56616c75657322203a207b2022616363656c65726174696f6e50726f66696c6522203a20392c2022646563656c65726174696f6e50726f66696c6522203a20392c202270726f63657373696e6754696d6522203a203138302c202272636622203a20302c2022736c6f775374617274456e61626c656422203a20747275652c2022736c6f7753746f70456e61626c656422203a20747275652c202274656d706572617475726522203a2032352c202274696d65724f7074696f6e22203a2031207d2c20226465766963654e616d6522203a20224d792043656e74726966756765222c2022706f776572446f776e22203a2066616c73652c202270726f66696c65536574496422203a20302c2022726f746f7254797065496422203a203236302c202273657456616c75657322203a207b2022616363656c65726174696f6e50726f66696c6522203a20392c2022646563656c65726174696f6e50726f66696c6522203a20392c202270726f63657373696e6754696d6522203a203138302c202272636622203a2035392c2022736c6f775374617274456e61626c656422203a20747275652c2022736c6f7753746f70456e61626c656422203a20747275652c202274656d706572617475726522203a2032352c202274696d65724f7074696f6e22203a2031207d2c2022737461746522203a20322c202273796e634d6f6465417661696c61626c6522203a2066616c73652c202275736572496422203a2031207d
333	200	332	554	7b202261637475616c56616c75657322203a207b2022616363656c65726174696f6e50726f66696c6522203a20392c2022646563656c65726174696f6e50726f66696c6522203a20392c202270726f63657373696e6754696d6522203a203138302c202272636622203a20302c2022736c6f775374617274456e61626c656422203a20747275652c2022736c6f7753746f70456e61626c656422203a20747275652c202274656d706572617475726522203a2032352c202274696d65724f7074696f6e22203a2031207d2c20226465766963654e616d6522203a20224d792043656e74726966756765222c2022706f776572446f776e22203a2066616c73652c202270726f66696c65536574496422203a20302c2022726f746f7254797065496422203a203236302c202273657456616c75657322203a207b2022616363656c65726174696f6e50726f66696c6522203a20392c2022646563656c65726174696f6e50726f66696c6522203a20392c202270726f63657373696e6754696d6522203a203138302c202272636622203a2035392c2022736c6f775374617274456e61626c656422203a20747275652c2022736c6f7753746f70456e61626c656422203a20747275652c202274656d706572617475726522203a2032352c202274696d65724f7074696f6e22203a2031207d2c2022737461746522203a20322c202273796e634d6f6465417661696c61626c6522203a2066616c73652c202275736572496422203a2031207d
336	200	335	554	7b202261637475616c56616c75657322203a207b2022616363656c65726174696f6e50726f66696c6522203a20392c2022646563656c65726174696f6e50726f66696c6522203a20392c202270726f63657373696e6754696d6522203a203138302c202272636622203a20302c2022736c6f775374617274456e61626c656422203a20747275652c2022736c6f7753746f70456e61626c656422203a20747275652c202274656d706572617475726522203a2032352c202274696d65724f7074696f6e22203a2031207d2c20226465766963654e616d6522203a20224d792043656e74726966756765222c2022706f776572446f776e22203a2066616c73652c202270726f66696c65536574496422203a20302c2022726f746f7254797065496422203a203236302c202273657456616c75657322203a207b2022616363656c65726174696f6e50726f66696c6522203a20392c2022646563656c65726174696f6e50726f66696c6522203a20392c202270726f63657373696e6754696d6522203a203138302c202272636622203a2035392c2022736c6f775374617274456e61626c656422203a20747275652c2022736c6f7753746f70456e61626c656422203a20747275652c202274656d706572617475726522203a2032352c202274696d65724f7074696f6e22203a2031207d2c2022737461746522203a20322c202273796e634d6f6465417661696c61626c6522203a2066616c73652c202275736572496422203a2031207d
339	200	338	554	7b202261637475616c56616c75657322203a207b2022616363656c65726174696f6e50726f66696c6522203a20392c2022646563656c65726174696f6e50726f66696c6522203a20392c202270726f63657373696e6754696d6522203a203138302c202272636622203a20302c2022736c6f775374617274456e61626c656422203a20747275652c2022736c6f7753746f70456e61626c656422203a20747275652c202274656d706572617475726522203a2032352c202274696d65724f7074696f6e22203a2031207d2c20226465766963654e616d6522203a20224d792043656e74726966756765222c2022706f776572446f776e22203a2066616c73652c202270726f66696c65536574496422203a20302c2022726f746f7254797065496422203a203236302c202273657456616c75657322203a207b2022616363656c65726174696f6e50726f66696c6522203a20392c2022646563656c65726174696f6e50726f66696c6522203a20392c202270726f63657373696e6754696d6522203a203138302c202272636622203a2035392c2022736c6f775374617274456e61626c656422203a20747275652c2022736c6f7753746f70456e61626c656422203a20747275652c202274656d706572617475726522203a2032352c202274696d65724f7074696f6e22203a2031207d2c2022737461746522203a20322c202273796e634d6f6465417661696c61626c6522203a2066616c73652c202275736572496422203a2031207d
342	200	341	554	7b202261637475616c56616c75657322203a207b2022616363656c65726174696f6e50726f66696c6522203a20392c2022646563656c65726174696f6e50726f66696c6522203a20392c202270726f63657373696e6754696d6522203a203138302c202272636622203a20302c2022736c6f775374617274456e61626c656422203a20747275652c2022736c6f7753746f70456e61626c656422203a20747275652c202274656d706572617475726522203a2032352c202274696d65724f7074696f6e22203a2031207d2c20226465766963654e616d6522203a20224d792043656e74726966756765222c2022706f776572446f776e22203a2066616c73652c202270726f66696c65536574496422203a20302c2022726f746f7254797065496422203a203236302c202273657456616c75657322203a207b2022616363656c65726174696f6e50726f66696c6522203a20392c2022646563656c65726174696f6e50726f66696c6522203a20392c202270726f63657373696e6754696d6522203a203138302c202272636622203a2035392c2022736c6f775374617274456e61626c656422203a20747275652c2022736c6f7753746f70456e61626c656422203a20747275652c202274656d706572617475726522203a2032352c202274696d65724f7074696f6e22203a2031207d2c2022737461746522203a20322c202273796e634d6f6465417661696c61626c6522203a2066616c73652c202275736572496422203a2031207d
345	200	344	554	7b202261637475616c56616c75657322203a207b2022616363656c65726174696f6e50726f66696c6522203a20392c2022646563656c65726174696f6e50726f66696c6522203a20392c202270726f63657373696e6754696d6522203a203138302c202272636622203a20302c2022736c6f775374617274456e61626c656422203a20747275652c2022736c6f7753746f70456e61626c656422203a20747275652c202274656d706572617475726522203a2032352c202274696d65724f7074696f6e22203a2031207d2c20226465766963654e616d6522203a20224d792043656e74726966756765222c2022706f776572446f776e22203a2066616c73652c202270726f66696c65536574496422203a20302c2022726f746f7254797065496422203a203236302c202273657456616c75657322203a207b2022616363656c65726174696f6e50726f66696c6522203a20392c2022646563656c65726174696f6e50726f66696c6522203a20392c202270726f63657373696e6754696d6522203a203138302c202272636622203a2035392c2022736c6f775374617274456e61626c656422203a20747275652c2022736c6f7753746f70456e61626c656422203a20747275652c202274656d706572617475726522203a2032352c202274696d65724f7074696f6e22203a2031207d2c2022737461746522203a20322c202273796e634d6f6465417661696c61626c6522203a2066616c73652c202275736572496422203a2031207d
351	200	350	554	7b202261637475616c56616c75657322203a207b2022616363656c65726174696f6e50726f66696c6522203a20392c2022646563656c65726174696f6e50726f66696c6522203a20392c202270726f63657373696e6754696d6522203a203138302c202272636622203a20302c2022736c6f775374617274456e61626c656422203a20747275652c2022736c6f7753746f70456e61626c656422203a20747275652c202274656d706572617475726522203a2032352c202274696d65724f7074696f6e22203a2031207d2c20226465766963654e616d6522203a20224d792043656e74726966756765222c2022706f776572446f776e22203a2066616c73652c202270726f66696c65536574496422203a20302c2022726f746f7254797065496422203a203236302c202273657456616c75657322203a207b2022616363656c65726174696f6e50726f66696c6522203a20392c2022646563656c65726174696f6e50726f66696c6522203a20392c202270726f63657373696e6754696d6522203a203138302c202272636622203a2035392c2022736c6f775374617274456e61626c656422203a20747275652c2022736c6f7753746f70456e61626c656422203a20747275652c202274656d706572617475726522203a2032352c202274696d65724f7074696f6e22203a2031207d2c2022737461746522203a20322c202273796e634d6f6465417661696c61626c6522203a2066616c73652c202275736572496422203a2031207d
354	200	353	554	7b202261637475616c56616c75657322203a207b2022616363656c65726174696f6e50726f66696c6522203a20392c2022646563656c65726174696f6e50726f66696c6522203a20392c202270726f63657373696e6754696d6522203a203138302c202272636622203a20302c2022736c6f775374617274456e61626c656422203a20747275652c2022736c6f7753746f70456e61626c656422203a20747275652c202274656d706572617475726522203a2032352c202274696d65724f7074696f6e22203a2031207d2c20226465766963654e616d6522203a20224d792043656e74726966756765222c2022706f776572446f776e22203a2066616c73652c202270726f66696c65536574496422203a20302c2022726f746f7254797065496422203a203236302c202273657456616c75657322203a207b2022616363656c65726174696f6e50726f66696c6522203a20392c2022646563656c65726174696f6e50726f66696c6522203a20392c202270726f63657373696e6754696d6522203a203138302c202272636622203a2035392c2022736c6f775374617274456e61626c656422203a20747275652c2022736c6f7753746f70456e61626c656422203a20747275652c202274656d706572617475726522203a2032352c202274696d65724f7074696f6e22203a2031207d2c2022737461746522203a20322c202273796e634d6f6465417661696c61626c6522203a2066616c73652c202275736572496422203a2031207d
357	200	356	554	7b202261637475616c56616c75657322203a207b2022616363656c65726174696f6e50726f66696c6522203a20392c2022646563656c65726174696f6e50726f66696c6522203a20392c202270726f63657373696e6754696d6522203a203138302c202272636622203a20302c2022736c6f775374617274456e61626c656422203a20747275652c2022736c6f7753746f70456e61626c656422203a20747275652c202274656d706572617475726522203a2032352c202274696d65724f7074696f6e22203a2031207d2c20226465766963654e616d6522203a20224d792043656e74726966756765222c2022706f776572446f776e22203a2066616c73652c202270726f66696c65536574496422203a20302c2022726f746f7254797065496422203a203236302c202273657456616c75657322203a207b2022616363656c65726174696f6e50726f66696c6522203a20392c2022646563656c65726174696f6e50726f66696c6522203a20392c202270726f63657373696e6754696d6522203a203138302c202272636622203a2035392c2022736c6f775374617274456e61626c656422203a20747275652c2022736c6f7753746f70456e61626c656422203a20747275652c202274656d706572617475726522203a2032352c202274696d65724f7074696f6e22203a2031207d2c2022737461746522203a20322c202273796e634d6f6465417661696c61626c6522203a2066616c73652c202275736572496422203a2031207d
362	200	361	554	7b202261637475616c56616c75657322203a207b2022616363656c65726174696f6e50726f66696c6522203a20392c2022646563656c65726174696f6e50726f66696c6522203a20392c202270726f63657373696e6754696d6522203a203138302c202272636622203a20302c2022736c6f775374617274456e61626c656422203a20747275652c2022736c6f7753746f70456e61626c656422203a20747275652c202274656d706572617475726522203a2032352c202274696d65724f7074696f6e22203a2031207d2c20226465766963654e616d6522203a20224d792043656e74726966756765222c2022706f776572446f776e22203a2066616c73652c202270726f66696c65536574496422203a20302c2022726f746f7254797065496422203a203236302c202273657456616c75657322203a207b2022616363656c65726174696f6e50726f66696c6522203a20392c2022646563656c65726174696f6e50726f66696c6522203a20392c202270726f63657373696e6754696d6522203a203138302c202272636622203a2035392c2022736c6f775374617274456e61626c656422203a20747275652c2022736c6f7753746f70456e61626c656422203a20747275652c202274656d706572617475726522203a2032352c202274696d65724f7074696f6e22203a2031207d2c2022737461746522203a20322c202273796e634d6f6465417661696c61626c6522203a2066616c73652c202275736572496422203a2031207d
365	200	364	554	7b202261637475616c56616c75657322203a207b2022616363656c65726174696f6e50726f66696c6522203a20392c2022646563656c65726174696f6e50726f66696c6522203a20392c202270726f63657373696e6754696d6522203a203138302c202272636622203a20302c2022736c6f775374617274456e61626c656422203a20747275652c2022736c6f7753746f70456e61626c656422203a20747275652c202274656d706572617475726522203a2032352c202274696d65724f7074696f6e22203a2031207d2c20226465766963654e616d6522203a20224d792043656e74726966756765222c2022706f776572446f776e22203a2066616c73652c202270726f66696c65536574496422203a20302c2022726f746f7254797065496422203a203236302c202273657456616c75657322203a207b2022616363656c65726174696f6e50726f66696c6522203a20392c2022646563656c65726174696f6e50726f66696c6522203a20392c202270726f63657373696e6754696d6522203a203138302c202272636622203a2035392c2022736c6f775374617274456e61626c656422203a20747275652c2022736c6f7753746f70456e61626c656422203a20747275652c202274656d706572617475726522203a2032352c202274696d65724f7074696f6e22203a2031207d2c2022737461746522203a20322c202273796e634d6f6465417661696c61626c6522203a2066616c73652c202275736572496422203a2031207d
368	200	367	554	7b202261637475616c56616c75657322203a207b2022616363656c65726174696f6e50726f66696c6522203a20392c2022646563656c65726174696f6e50726f66696c6522203a20392c202270726f63657373696e6754696d6522203a203138302c202272636622203a20302c2022736c6f775374617274456e61626c656422203a20747275652c2022736c6f7753746f70456e61626c656422203a20747275652c202274656d706572617475726522203a2032352c202274696d65724f7074696f6e22203a2031207d2c20226465766963654e616d6522203a20224d792043656e74726966756765222c2022706f776572446f776e22203a2066616c73652c202270726f66696c65536574496422203a20302c2022726f746f7254797065496422203a203236302c202273657456616c75657322203a207b2022616363656c65726174696f6e50726f66696c6522203a20392c2022646563656c65726174696f6e50726f66696c6522203a20392c202270726f63657373696e6754696d6522203a203138302c202272636622203a2035392c2022736c6f775374617274456e61626c656422203a20747275652c2022736c6f7753746f70456e61626c656422203a20747275652c202274656d706572617475726522203a2032352c202274696d65724f7074696f6e22203a2031207d2c2022737461746522203a20322c202273796e634d6f6465417661696c61626c6522203a2066616c73652c202275736572496422203a2031207d
371	200	370	554	7b202261637475616c56616c75657322203a207b2022616363656c65726174696f6e50726f66696c6522203a20392c2022646563656c65726174696f6e50726f66696c6522203a20392c202270726f63657373696e6754696d6522203a203138302c202272636622203a20302c2022736c6f775374617274456e61626c656422203a20747275652c2022736c6f7753746f70456e61626c656422203a20747275652c202274656d706572617475726522203a2032352c202274696d65724f7074696f6e22203a2031207d2c20226465766963654e616d6522203a20224d792043656e74726966756765222c2022706f776572446f776e22203a2066616c73652c202270726f66696c65536574496422203a20302c2022726f746f7254797065496422203a203236302c202273657456616c75657322203a207b2022616363656c65726174696f6e50726f66696c6522203a20392c2022646563656c65726174696f6e50726f66696c6522203a20392c202270726f63657373696e6754696d6522203a203138302c202272636622203a2035392c2022736c6f775374617274456e61626c656422203a20747275652c2022736c6f7753746f70456e61626c656422203a20747275652c202274656d706572617475726522203a2032352c202274696d65724f7074696f6e22203a2031207d2c2022737461746522203a20322c202273796e634d6f6465417661696c61626c6522203a2066616c73652c202275736572496422203a2031207d
376	200	375	539	7b202261637475616c56616c75657322203a207b2022616363656c65726174696f6e50726f66696c6522203a20392c2022646563656c65726174696f6e50726f66696c6522203a20392c202270726f63657373696e6754696d6522203a203138302c202272636622203a20302c2022736c6f775374617274456e61626c656422203a20747275652c2022736c6f7753746f70456e61626c656422203a20747275652c202274656d706572617475726522203a2032352c202274696d65724f7074696f6e22203a2031207d2c20226465766963654e616d6522203a20224d792043656e74726966756765222c2022706f776572446f776e22203a2066616c73652c202270726f66696c65536574496422203a20302c2022726f746f7254797065496422203a203236302c202273657456616c75657322203a207b2022616363656c65726174696f6e50726f66696c6522203a20392c2022646563656c65726174696f6e50726f66696c6522203a20392c202270726f63657373696e6754696d6522203a203138302c202272636622203a2035392c2022736c6f775374617274456e61626c656422203a20747275652c2022736c6f7753746f70456e61626c656422203a20747275652c202274656d706572617475726522203a2032352c202274696d65724f7074696f6e22203a2031207d2c2022737461746522203a20322c202273796e634d6f6465417661696c61626c6522203a2074727565207d
380	200	379	4	5b20205d
383	200	382	4	5b20205d
386	200	385	20	7b20227573657249647322203a205b20205d207d
389	200	388	20	7b20226c6f636b656422203a2066616c7365207d
395	200	393	4	7b20207d
399	200	397	19	7b202261637469766522203a2074727565207d
405	200	403	4	7b20207d
411	403	409	52	7b20226d65737361676522203a20225468652063656e747269667567652069732063757272656e746c7920696e2075736522207d
417	403	415	52	7b20226d65737361676522203a20225468652063656e747269667567652069732063757272656e746c7920696e2075736522207d
423	403	421	52	7b20226d65737361676522203a20225468652063656e747269667567652069732063757272656e746c7920696e2075736522207d
429	403	427	52	7b20226d65737361676522203a20225468652063656e747269667567652069732063757272656e746c7920696e2075736522207d
448	200	446	65	7b202261637469766522203a20747275652c202263656e7472694c6f67506c7573496422203a202233333865393665372d613234302d343731376532316222207d
451	200	450	19	7b202261637469766522203a2074727565207d
457	403	455	52	7b20226d65737361676522203a20225468652063656e747269667567652069732063757272656e746c7920696e2075736522207d
474	200	472	65	7b202261637469766522203a20747275652c202263656e7472694c6f67506c7573496422203a202233333865393665372d613234302d343731376532316222207d
477	200	476	19	7b202261637469766522203a2074727565207d
483	403	481	52	7b20226d65737361676522203a20225468652063656e747269667567652069732063757272656e746c7920696e2075736522207d
585	200	583	65	7b202261637469766522203a20747275652c202263656e7472694c6f67506c7573496422203a202233333865393665372d613234302d343731376532316222207d
588	200	587	19	7b202261637469766522203a2074727565207d
594	403	592	52	7b20226d65737361676522203a20225468652063656e747269667567652069732063757272656e746c7920696e2075736522207d
616	200	614	65	7b202261637469766522203a20747275652c202263656e7472694c6f67506c7573496422203a202233333865393665372d613234302d343731376532316222207d
620	200	618	19	7b202261637469766522203a2074727565207d
627	403	625	52	7b20226d65737361676522203a20225468652063656e747269667567652069732063757272656e746c7920696e2075736522207d
684	200	682	65	7b202261637469766522203a20747275652c202263656e7472694c6f67506c7573496422203a202233333865393665372d613234302d343731376532316222207d
688	200	686	19	7b202261637469766522203a2074727565207d
694	403	692	52	7b20226d65737361676522203a20225468652063656e747269667567652069732063757272656e746c7920696e2075736522207d
715	200	713	65	7b202261637469766522203a20747275652c202263656e7472694c6f67506c7573496422203a202233333865393665372d613234302d343731376532316222207d
718	200	717	19	7b202261637469766522203a2074727565207d
724	403	722	52	7b20226d65737361676522203a20225468652063656e747269667567652069732063757272656e746c7920696e2075736522207d
741	200	739	65	7b202261637469766522203a20747275652c202263656e7472694c6f67506c7573496422203a202233333865393665372d613234302d343731376532316222207d
744	200	743	19	7b202261637469766522203a2074727565207d
750	403	748	52	7b20226d65737361676522203a20225468652063656e747269667567652069732063757272656e746c7920696e2075736522207d
804	200	802	65	7b202261637469766522203a20747275652c202263656e7472694c6f67506c7573496422203a202233333865393665372d613234302d343731376532316222207d
808	200	806	19	7b202261637469766522203a2074727565207d
814	403	812	52	7b20226d65737361676522203a20225468652063656e747269667567652069732063757272656e746c7920696e2075736522207d
889	200	887	65	7b202261637469766522203a20747275652c202263656e7472694c6f67506c7573496422203a202233333865393665372d613234302d343731376532316222207d
894	200	892	19	7b202261637469766522203a2074727565207d
958	200	956	65	7b202261637469766522203a20747275652c202263656e7472694c6f67506c7573496422203a202233333865393665372d613234302d343731376532316222207d
962	200	960	19	7b202261637469766522203a2074727565207d
968	403	966	52	7b20226d65737361676522203a20225468652063656e747269667567652069732063757272656e746c7920696e2075736522207d
989	200	987	65	7b202261637469766522203a20747275652c202263656e7472694c6f67506c7573496422203a202233333865393665372d613234302d343731376532316222207d
993	200	991	19	7b202261637469766522203a2074727565207d
999	403	997	52	7b20226d65737361676522203a20225468652063656e747269667567652069732063757272656e746c7920696e2075736522207d
1015	200	1013	65	7b202261637469766522203a20747275652c202263656e7472694c6f67506c7573496422203a202233333865393665372d613234302d343731376532316222207d
1019	200	1018	19	7b202261637469766522203a2074727565207d
1025	403	1023	52	7b20226d65737361676522203a20225468652063656e747269667567652069732063757272656e746c7920696e2075736522207d
1048	200	1046	65	7b202261637469766522203a20747275652c202263656e7472694c6f67506c7573496422203a202233333865393665372d613234302d343731376532316222207d
1051	200	1050	19	7b202261637469766522203a2074727565207d
1057	403	1055	52	7b20226d65737361676522203a20225468652063656e747269667567652069732063757272656e746c7920696e2075736522207d
1076	200	1074	65	7b202261637469766522203a20747275652c202263656e7472694c6f67506c7573496422203a202233333865393665372d613234302d343731376532316222207d
1079	200	1078	19	7b202261637469766522203a2074727565207d
1085	403	1083	52	7b20226d65737361676522203a20225468652063656e747269667567652069732063757272656e746c7920696e2075736522207d
