3	PUT	/v2/programs	844	5b7b226964223a31302c226e616d65223a226e616d6531222c22726f746f72547970654964223a3236352c2273657456616c756573223a5b7b2270726f63657373696e6754696d65223a36302c22726366223a32372c2274656d7065726174757265223a302c22616363656c65726174696f6e50726f66696c65223a312c22646563656c65726174696f6e50726f66696c65223a302c22736c6f775374617274456e61626c6564223a747275652c22736c6f7753746f70456e61626c6564223a747275652c2274696d65724f7074696f6e223a317d2c7b2270726f63657373696e6754696d65223a39302c22726366223a3430302c2274656d7065726174757265223a302c22616363656c65726174696f6e50726f66696c65223a312c22646563656c65726174696f6e50726f66696c65223a302c22736c6f775374617274456e61626c6564223a747275652c22736c6f7753746f70456e61626c6564223a747275652c2274696d65724f7074696f6e223a317d2c7b2270726f63657373696e6754696d65223a36302c22726366223a32372c2274656d7065726174757265223a302c22616363656c65726174696f6e50726f66696c65223a312c22646563656c65726174696f6e50726f66696c65223a362c22736c6f775374617274456e61626c6564223a747275652c22736c6f7753746f70456e61626c6564223a747275652c2274696d65724f7074696f6e223a317d5d2c22626172636f6465223a2231323334353637222c2270726f66696c655365744964223a302c22636f6c6f72436f6465223a2223623263656539227d2c7b226964223a31332c226e616d65223a226e616d65222c22726f746f72547970654964223a3236372c2273657456616c756573223a5b7b2270726f63657373696e6754696d65223a36302c2272706d223a3530302c2274656d7065726174757265223a32302c22616363656c65726174696f6e50726f66696c65223a312c22646563656c65726174696f6e50726f66696c65223a302c22736c6f775374617274456e61626c6564223a747275652c22736c6f7753746f70456e61626c6564223a747275652c2274696d65724f7074696f6e223a317d5d2c22626172636f6465223a22313233343536222c2270726f66696c655365744964223a307d5d	Mozilla/3.0 (compatible; Indy Library)	192.168.29.215:800
9	PUT	/v2/result-codes/blood-bags	107	5b7b226964223a312c22626172636f6465223a22656e64227d2c7b226964223a322c22626172636f6465223a226572726f72227d2c7b226964223a332c22626172636f6465223a2273746f70227d2c7b226964223a342c22626172636f6465223a226572726f7231227d5d	Mozilla/3.0 (compatible; Indy Library)	192.168.29.215:800
15	PUT	/v2/result-codes/runs	24	5b7b226964223a322c22626172636f6465223a2231227d5d	Mozilla/3.0 (compatible; Indy Library)	192.168.29.215:800
21	PUT	/v2/blood-bags/whitelist	2	5b5d	Mozilla/3.0 (compatible; Indy Library)	192.168.29.215:800
27	PUT	/v2/config/barcode-validation	68	7b227265676578223a22222c226973627431323856616c69646174696f6e223a66616c73652c22757365426c6f6f644261677357686974654c697374223a66616c73657d	Mozilla/3.0 (compatible; Indy Library)	192.168.29.215:800
35	PUT	/v2/config/gmp	186	7b227363616e55736572496441745374617274223a747275652c227363616e5573657249644174556e6c6f6164223a747275652c227363616e526573756c74436f646573466f7242616773223a747275652c227363616e526573756c74436f6465466f7243656e7472696675676174696f6e223a747275652c226164646974696f6e616c5573657250494e41757468656e7469636174696f6e223a66616c73652c22636865636b54656d7065726174757265223a66616c73657d	Mozilla/3.0 (compatible; Indy Library)	192.168.29.215:800
42	PUT	/v2/config/user-pin	37	7b226c656e677468223a342c2274696d656f7574223a302c22617474656d707473223a307d	Mozilla/3.0 (compatible; Indy Library)	192.168.29.215:800
49	PUT	/v2/config/locking	17	7b226572726f72436f646573223a5b5d7d	Mozilla/3.0 (compatible; Indy Library)	192.168.29.215:800
56	PUT	/v2/date-time	35	7b226461746554696d65223a22323032362d30332d31325431313a30303a32355a227d	Mozilla/3.0 (compatible; Indy Library)	192.168.29.215:800
63	PUT	/v2/users/lock-users	14	7b2275736572496473223a5b5d7d	Mozilla/3.0 (compatible; Indy Library)	192.168.29.215:800
70	PUT	/v2/users/unlock-users	14	7b2275736572496473223a5b5d7d	Mozilla/3.0 (compatible; Indy Library)	192.168.29.215:800
76	PUT	/v2/sync-mode	16	7b22616374697665223a66616c73657d	Mozilla/3.0 (compatible; Indy Library)	192.168.29.215:800
80	GET	/v2/sync-mode			Mozilla/3.0 (compatible; Indy Library)	192.168.29.215:800
84	GET	/v2/status			Mozilla/3.0 (compatible; Indy Library)	192.168.29.215:800
87	GET	/v2/runs			Mozilla/3.0 (compatible; Indy Library)	192.168.29.215:800
90	GET	/v2/users/changed-pins			Mozilla/3.0 (compatible; Indy Library)	192.168.29.215:800
93	GET	/v2/users/locked-users			Mozilla/3.0 (compatible; Indy Library)	192.168.29.215:800
96	GET	/v2/locked			Mozilla/3.0 (compatible; Indy Library)	192.168.29.215:800
102	GET	/v2/status			Mozilla/3.0 (compatible; Indy Library)	192.168.29.215:800
105	GET	/v2/runs			Mozilla/3.0 (compatible; Indy Library)	192.168.29.215:800
108	GET	/v2/users/changed-pins			Mozilla/3.0 (compatible; Indy Library)	192.168.29.215:800
111	GET	/v2/users/locked-users			Mozilla/3.0 (compatible; Indy Library)	192.168.29.215:800
114	GET	/v2/locked			Mozilla/3.0 (compatible; Indy Library)	192.168.29.215:800
119	GET	/v2/status			Mozilla/3.0 (compatible; Indy Library)	192.168.29.215:800
125	GET	/v2/status			Mozilla/3.0 (compatible; Indy Library)	192.168.29.215:800
128	GET	/v2/status			Mozilla/3.0 (compatible; Indy Library)	192.168.29.215:800
131	GET	/v2/status			Mozilla/3.0 (compatible; Indy Library)	192.168.29.215:800
137	GET	/v2/status			Mozilla/3.0 (compatible; Indy Library)	192.168.29.215:800
142	GET	/v2/status			Mozilla/3.0 (compatible; Indy Library)	192.168.29.215:800
145	GET	/v2/status			Mozilla/3.0 (compatible; Indy Library)	192.168.29.215:800
151	GET	/v2/status			Mozilla/3.0 (compatible; Indy Library)	192.168.29.215:800
154	GET	/v2/status			Mozilla/3.0 (compatible; Indy Library)	192.168.29.215:800
157	GET	/v2/status			Mozilla/3.0 (compatible; Indy Library)	192.168.29.215:800
163	GET	/v2/status			Mozilla/3.0 (compatible; Indy Library)	192.168.29.215:800
168	GET	/v2/status			Mozilla/3.0 (compatible; Indy Library)	192.168.29.215:800
171	GET	/v2/status			Mozilla/3.0 (compatible; Indy Library)	192.168.29.215:800
177	GET	/v2/status			Mozilla/3.0 (compatible; Indy Library)	192.168.29.215:800
180	GET	/v2/status			Mozilla/3.0 (compatible; Indy Library)	192.168.29.215:800
186	GET	/v2/status			Mozilla/3.0 (compatible; Indy Library)	192.168.29.215:800
189	GET	/v2/runs			Mozilla/3.0 (compatible; Indy Library)	192.168.29.215:800
192	GET	/v2/users/changed-pins			Mozilla/3.0 (compatible; Indy Library)	192.168.29.215:800
197	GET	/v2/users/locked-users			Mozilla/3.0 (compatible; Indy Library)	192.168.29.215:800
201	GET	/v2/locked			Mozilla/3.0 (compatible; Indy Library)	192.168.29.215:800
206	GET	/v2/status			Mozilla/3.0 (compatible; Indy Library)	192.168.29.215:800
209	GET	/v2/runs			Mozilla/3.0 (compatible; Indy Library)	192.168.29.215:800
212	GET	/v2/users/changed-pins			Mozilla/3.0 (compatible; Indy Library)	192.168.29.215:800
215	GET	/v2/users/locked-users			Mozilla/3.0 (compatible; Indy Library)	192.168.29.215:800
218	GET	/v2/locked			Mozilla/3.0 (compatible; Indy Library)	192.168.29.215:800
221	GET	/v2/status			Mozilla/3.0 (compatible; Indy Library)	192.168.29.215:800
224	GET	/v2/runs			Mozilla/3.0 (compatible; Indy Library)	192.168.29.215:800
229	GET	/v2/users/changed-pins			Mozilla/3.0 (compatible; Indy Library)	192.168.29.215:800
233	GET	/v2/users/locked-users			Mozilla/3.0 (compatible; Indy Library)	192.168.29.215:800
236	GET	/v2/locked			Mozilla/3.0 (compatible; Indy Library)	192.168.29.215:800
241	PUT	/v2/sync-mode	15	7b22616374697665223a747275657d	Mozilla/3.0 (compatible; Indy Library)	192.168.29.215:800
245	GET	/v2/sync-mode			Mozilla/3.0 (compatible; Indy Library)	192.168.29.215:800
251	PUT	/v2/programs	844	5b7b226964223a31332c226e616d65223a226e616d65222c22726f746f72547970654964223a3236372c2273657456616c756573223a5b7b2270726f63657373696e6754696d65223a36302c2272706d223a3530302c2274656d7065726174757265223a32302c22616363656c65726174696f6e50726f66696c65223a312c22646563656c65726174696f6e50726f66696c65223a302c22736c6f775374617274456e61626c6564223a747275652c22736c6f7753746f70456e61626c6564223a747275652c2274696d65724f7074696f6e223a317d5d2c22626172636f6465223a22313233343536222c2270726f66696c655365744964223a307d2c7b226964223a31342c226e616d65223a226e616d6531222c22726f746f72547970654964223a3236302c2273657456616c756573223a5b7b2270726f63657373696e6754696d65223a36302c22726366223a35382c2274656d7065726174757265223a302c22616363656c65726174696f6e50726f66696c65223a312c22646563656c65726174696f6e50726f66696c65223a302c22736c6f775374617274456e61626c6564223a747275652c22736c6f7753746f70456e61626c6564223a747275652c2274696d65724f7074696f6e223a317d2c7b2270726f63657373696e6754696d65223a39302c22726366223a3430302c2274656d7065726174757265223a302c22616363656c65726174696f6e50726f66696c65223a312c22646563656c65726174696f6e50726f66696c65223a302c22736c6f775374617274456e61626c6564223a747275652c22736c6f7753746f70456e61626c6564223a747275652c2274696d65724f7074696f6e223a317d2c7b2270726f63657373696e6754696d65223a36302c22726366223a35382c2274656d7065726174757265223a302c22616363656c65726174696f6e50726f66696c65223a312c22646563656c65726174696f6e50726f66696c65223a362c22736c6f775374617274456e61626c6564223a747275652c22736c6f7753746f70456e61626c6564223a747275652c2274696d65724f7074696f6e223a317d5d2c22626172636f6465223a2231323334353637222c2270726f66696c655365744964223a302c22636f6c6f72436f6465223a2223623263656539227d5d	Mozilla/3.0 (compatible; Indy Library)	192.168.29.215:800
257	PUT	/v2/sync-mode	16	7b22616374697665223a66616c73657d	Mozilla/3.0 (compatible; Indy Library)	192.168.29.215:800
261	GET	/v2/sync-mode			Mozilla/3.0 (compatible; Indy Library)	192.168.29.215:800
265	GET	/v2/status			Mozilla/3.0 (compatible; Indy Library)	192.168.29.215:800
268	GET	/v2/runs			Mozilla/3.0 (compatible; Indy Library)	192.168.29.215:800
273	GET	/v2/users/changed-pins			Mozilla/3.0 (compatible; Indy Library)	192.168.29.215:800
277	GET	/v2/users/locked-users			Mozilla/3.0 (compatible; Indy Library)	192.168.29.215:800
280	GET	/v2/locked			Mozilla/3.0 (compatible; Indy Library)	192.168.29.215:800
285	GET	/v2/status			Mozilla/3.0 (compatible; Indy Library)	192.168.29.215:800
288	GET	/v2/runs			Mozilla/3.0 (compatible; Indy Library)	192.168.29.215:800
291	GET	/v2/users/changed-pins			Mozilla/3.0 (compatible; Indy Library)	192.168.29.215:800
294	GET	/v2/users/locked-users			Mozilla/3.0 (compatible; Indy Library)	192.168.29.215:800
297	GET	/v2/locked			Mozilla/3.0 (compatible; Indy Library)	192.168.29.215:800
303	GET	/v2/status			Mozilla/3.0 (compatible; Indy Library)	192.168.29.215:800
306	GET	/v2/status			Mozilla/3.0 (compatible; Indy Library)	192.168.29.215:800
309	GET	/v2/status			Mozilla/3.0 (compatible; Indy Library)	192.168.29.215:800
315	GET	/v2/status			Mozilla/3.0 (compatible; Indy Library)	192.168.29.215:800
320	GET	/v2/status			Mozilla/3.0 (compatible; Indy Library)	192.168.29.215:800
323	GET	/v2/status			Mozilla/3.0 (compatible; Indy Library)	192.168.29.215:800
329	GET	/v2/status			Mozilla/3.0 (compatible; Indy Library)	192.168.29.215:800
332	GET	/v2/status			Mozilla/3.0 (compatible; Indy Library)	192.168.29.215:800
335	GET	/v2/status			Mozilla/3.0 (compatible; Indy Library)	192.168.29.215:800
338	GET	/v2/status			Mozilla/3.0 (compatible; Indy Library)	192.168.29.215:800
341	GET	/v2/status			Mozilla/3.0 (compatible; Indy Library)	192.168.29.215:800
344	GET	/v2/status			Mozilla/3.0 (compatible; Indy Library)	192.168.29.215:800
350	GET	/v2/status			Mozilla/3.0 (compatible; Indy Library)	192.168.29.215:800
353	GET	/v2/status			Mozilla/3.0 (compatible; Indy Library)	192.168.29.215:800
356	GET	/v2/status			Mozilla/3.0 (compatible; Indy Library)	192.168.29.215:800
361	GET	/v2/status			Mozilla/3.0 (compatible; Indy Library)	192.168.29.215:800
364	GET	/v2/status			Mozilla/3.0 (compatible; Indy Library)	192.168.29.215:800
367	GET	/v2/status			Mozilla/3.0 (compatible; Indy Library)	192.168.29.215:800
370	GET	/v2/status			Mozilla/3.0 (compatible; Indy Library)	192.168.29.215:800
375	GET	/v2/status			Mozilla/3.0 (compatible; Indy Library)	192.168.29.215:800
379	GET	/v2/runs			Mozilla/3.0 (compatible; Indy Library)	192.168.29.215:800
382	GET	/v2/users/changed-pins			Mozilla/3.0 (compatible; Indy Library)	192.168.29.215:800
385	GET	/v2/users/locked-users			Mozilla/3.0 (compatible; Indy Library)	192.168.29.215:800
388	GET	/v2/locked			Mozilla/3.0 (compatible; Indy Library)	192.168.29.215:800
393	PUT	/v2/sync-mode	15	7b22616374697665223a747275657d	Mozilla/3.0 (compatible; Indy Library)	192.168.29.215:800
397	GET	/v2/sync-mode			Mozilla/3.0 (compatible; Indy Library)	192.168.29.215:800
403	PUT	/v2/programs	847	5b7b226964223a31332c226e616d65223a226e616d65222c22726f746f72547970654964223a3236372c2273657456616c756573223a5b7b2270726f63657373696e6754696d65223a36302c2272706d223a3530302c2274656d7065726174757265223a32302c22616363656c65726174696f6e50726f66696c65223a312c22646563656c65726174696f6e50726f66696c65223a302c22736c6f775374617274456e61626c6564223a747275652c22736c6f7753746f70456e61626c6564223a747275652c2274696d65724f7074696f6e223a317d5d2c22626172636f6465223a22313233343536222c2270726f66696c655365744964223a307d2c7b226964223a31352c226e616d65223a226e616d6531222c22726f746f72547970654964223a3236302c2273657456616c756573223a5b7b2270726f63657373696e6754696d65223a36302c2272706d223a313030302c2274656d7065726174757265223a302c22616363656c65726174696f6e50726f66696c65223a312c22646563656c65726174696f6e50726f66696c65223a302c22736c6f775374617274456e61626c6564223a747275652c22736c6f7753746f70456e61626c6564223a747275652c2274696d65724f7074696f6e223a317d2c7b2270726f63657373696e6754696d65223a39302c2272706d223a3530302c2274656d7065726174757265223a302c22616363656c65726174696f6e50726f66696c65223a312c22646563656c65726174696f6e50726f66696c65223a302c22736c6f775374617274456e61626c6564223a747275652c22736c6f7753746f70456e61626c6564223a747275652c2274696d65724f7074696f6e223a317d2c7b2270726f63657373696e6754696d65223a36302c2272706d223a3530302c2274656d7065726174757265223a302c22616363656c65726174696f6e50726f66696c65223a312c22646563656c65726174696f6e50726f66696c65223a362c22736c6f775374617274456e61626c6564223a747275652c22736c6f7753746f70456e61626c6564223a747275652c2274696d65724f7074696f6e223a317d5d2c22626172636f6465223a2231323334353637222c2270726f66696c655365744964223a302c22636f6c6f72436f6465223a2223623263656539227d5d	Mozilla/3.0 (compatible; Indy Library)	192.168.29.215:800
409	PUT	/v2/sync-mode	16	7b22616374697665223a66616c73657d	Mozilla/3.0 (compatible; Indy Library)	192.168.29.215:800
415	PUT	/v2/sync-mode	16	7b22616374697665223a66616c73657d	Mozilla/3.0 (compatible; Indy Library)	192.168.29.215:800
421	PUT	/v2/sync-mode	16	7b22616374697665223a66616c73657d	Mozilla/3.0 (compatible; Indy Library)	192.168.29.215:800
427	PUT	/v2/sync-mode	16	7b22616374697665223a66616c73657d	Mozilla/3.0 (compatible; Indy Library)	192.168.29.215:800
446	GET	/v2/config/centri-log-plus-mode			Mozilla/3.0 (compatible; Indy Library)	192.168.29.215:800
450	GET	/v2/sync-mode			Mozilla/3.0 (compatible; Indy Library)	192.168.29.215:800
455	PUT	/v2/sync-mode	16	7b22616374697665223a66616c73657d	Mozilla/3.0 (compatible; Indy Library)	192.168.29.215:800
472	GET	/v2/config/centri-log-plus-mode			Mozilla/3.0 (compatible; Indy Library)	192.168.29.215:800
476	GET	/v2/sync-mode			Mozilla/3.0 (compatible; Indy Library)	192.168.29.215:800
481	PUT	/v2/sync-mode	16	7b22616374697665223a66616c73657d	Mozilla/3.0 (compatible; Indy Library)	192.168.29.215:800
583	GET	/v2/config/centri-log-plus-mode			Mozilla/3.0 (compatible; Indy Library)	192.168.29.215:800
587	GET	/v2/sync-mode			Mozilla/3.0 (compatible; Indy Library)	192.168.29.215:800
592	PUT	/v2/sync-mode	16	7b22616374697665223a66616c73657d	Mozilla/3.0 (compatible; Indy Library)	192.168.29.215:800
614	GET	/v2/config/centri-log-plus-mode			Mozilla/3.0 (compatible; Indy Library)	192.168.29.215:800
618	GET	/v2/sync-mode			Mozilla/3.0 (compatible; Indy Library)	192.168.29.215:800
625	PUT	/v2/sync-mode	16	7b22616374697665223a66616c73657d	Mozilla/3.0 (compatible; Indy Library)	192.168.29.215:800
682	GET	/v2/config/centri-log-plus-mode			Mozilla/3.0 (compatible; Indy Library)	192.168.29.215:800
686	GET	/v2/sync-mode			Mozilla/3.0 (compatible; Indy Library)	192.168.29.215:800
692	PUT	/v2/sync-mode	16	7b22616374697665223a66616c73657d	Mozilla/3.0 (compatible; Indy Library)	192.168.29.215:800
713	GET	/v2/config/centri-log-plus-mode			Mozilla/3.0 (compatible; Indy Library)	192.168.29.215:800
717	GET	/v2/sync-mode			Mozilla/3.0 (compatible; Indy Library)	192.168.29.215:800
722	PUT	/v2/sync-mode	16	7b22616374697665223a66616c73657d	Mozilla/3.0 (compatible; Indy Library)	192.168.29.215:800
739	GET	/v2/config/centri-log-plus-mode			Mozilla/3.0 (compatible; Indy Library)	192.168.29.215:800
743	GET	/v2/sync-mode			Mozilla/3.0 (compatible; Indy Library)	192.168.29.215:800
748	PUT	/v2/sync-mode	16	7b22616374697665223a66616c73657d	Mozilla/3.0 (compatible; Indy Library)	192.168.29.215:800
802	GET	/v2/config/centri-log-plus-mode			Mozilla/3.0 (compatible; Indy Library)	192.168.29.215:800
806	GET	/v2/sync-mode			Mozilla/3.0 (compatible; Indy Library)	192.168.29.215:800
812	PUT	/v2/sync-mode	16	7b22616374697665223a66616c73657d	Mozilla/3.0 (compatible; Indy Library)	192.168.29.215:800
887	GET	/v2/config/centri-log-plus-mode			Mozilla/3.0 (compatible; Indy Library)	192.168.29.215:800
892	GET	/v2/sync-mode			Mozilla/3.0 (compatible; Indy Library)	192.168.29.215:800
956	GET	/v2/config/centri-log-plus-mode			Mozilla/3.0 (compatible; Indy Library)	192.168.29.215:800
960	GET	/v2/sync-mode			Mozilla/3.0 (compatible; Indy Library)	192.168.29.215:800
966	PUT	/v2/sync-mode	16	7b22616374697665223a66616c73657d	Mozilla/3.0 (compatible; Indy Library)	192.168.29.215:800
987	GET	/v2/config/centri-log-plus-mode			Mozilla/3.0 (compatible; Indy Library)	192.168.29.215:800
991	GET	/v2/sync-mode			Mozilla/3.0 (compatible; Indy Library)	192.168.29.215:800
997	PUT	/v2/sync-mode	16	7b22616374697665223a66616c73657d	Mozilla/3.0 (compatible; Indy Library)	192.168.29.215:800
1013	GET	/v2/config/centri-log-plus-mode			Mozilla/3.0 (compatible; Indy Library)	192.168.29.215:800
1018	GET	/v2/sync-mode			Mozilla/3.0 (compatible; Indy Library)	192.168.29.215:800
1023	PUT	/v2/sync-mode	16	7b22616374697665223a66616c73657d	Mozilla/3.0 (compatible; Indy Library)	192.168.29.215:800
1046	GET	/v2/config/centri-log-plus-mode			Mozilla/3.0 (compatible; Indy Library)	192.168.29.215:800
1050	GET	/v2/sync-mode			Mozilla/3.0 (compatible; Indy Library)	192.168.29.215:800
1055	PUT	/v2/sync-mode	16	7b22616374697665223a66616c73657d	Mozilla/3.0 (compatible; Indy Library)	192.168.29.215:800
1074	GET	/v2/config/centri-log-plus-mode			Mozilla/3.0 (compatible; Indy Library)	192.168.29.215:800
1078	GET	/v2/sync-mode			Mozilla/3.0 (compatible; Indy Library)	192.168.29.215:800
1083	PUT	/v2/sync-mode	16	7b22616374697665223a66616c73657d	Mozilla/3.0 (compatible; Indy Library)	192.168.29.215:800
